--
-- PostgreSQL database dump
--

\restrict 16T9FpRhi0iWQJkAhreF8zWPkH6Ti77cfR2frnciL7EiHen3zs3GhjnifaBBEgx

-- Dumped from database version 17.7
-- Dumped by pg_dump version 17.7

SET statement_timeout = 0;
SET lock_timeout = 0;
SET idle_in_transaction_session_timeout = 0;
SET transaction_timeout = 0;
SET client_encoding = 'UTF8';
SET standard_conforming_strings = on;
SELECT pg_catalog.set_config('search_path', '', false);
SET check_function_bodies = false;
SET xmloption = content;
SET client_min_messages = warning;
SET row_security = off;

SET default_tablespace = '';

SET default_table_access_method = heap;

--
-- Name: customer; Type: TABLE; Schema: public; Owner: postgres
--

CREATE TABLE public.customer (
    c_id integer NOT NULL,
    c_name text NOT NULL,
    c_age integer NOT NULL,
    c_email text NOT NULL,
    c_mobile text NOT NULL,
    eid integer,
    data_id integer
);


ALTER TABLE public.customer OWNER TO postgres;

--
-- Name: dataplan; Type: TABLE; Schema: public; Owner: postgres
--

CREATE TABLE public.dataplan (
    data_id integer NOT NULL,
    data_size text NOT NULL,
    data_duration integer NOT NULL,
    data_price integer NOT NULL
);


ALTER TABLE public.dataplan OWNER TO postgres;

--
-- Name: department; Type: TABLE; Schema: public; Owner: postgres
--

CREATE TABLE public.department (
    dept_managerid integer NOT NULL,
    dno integer NOT NULL,
    dname text NOT NULL,
    dlocation character(50),
    pno text
);


ALTER TABLE public.department OWNER TO postgres;

--
-- Name: project; Type: TABLE; Schema: public; Owner: postgres
--

CREATE TABLE public.project (
    pno text NOT NULL,
    pname text NOT NULL,
    pduration interval NOT NULL,
    project_managerid integer NOT NULL
);


ALTER TABLE public.project OWNER TO postgres;

--
-- Name: staff; Type: TABLE; Schema: public; Owner: postgres
--

CREATE TABLE public.staff (
    staff_id integer NOT NULL,
    staff_name text NOT NULL,
    dno integer NOT NULL,
    staff_sal real NOT NULL,
    age integer NOT NULL,
    mobile character varying(15) NOT NULL
);


ALTER TABLE public.staff OWNER TO postgres;

--
-- Data for Name: customer; Type: TABLE DATA; Schema: public; Owner: postgres
--

COPY public.customer (c_id, c_name, c_age, c_email, c_mobile, eid, data_id) FROM stdin;
110	Musta Karim	35	m_karim@gmail.com	08055089112	102	5
111	Lilian Jaiya	43	I_jaiye@gmail.com	08055185341	100	3
112	Arthur Musa	50	a_musa@gmail.com	07055282813	107	10
113	Philip Akonjo	41	p_akonjo@gmail.com	09052356772	100	2
114	Marylene Mapa	33	m_mapa@gmail.com	08053333551	120	5
115	Oghenero Agor	50	o_agor@gmail.com	07055566774	117	11
116	Adams Bree	33	a_bree@gmail.com	08056765424	102	1
117	Okafor Mathias	45	o_mathias@gmail.com	08056763367	120	10
118	Samson Adeleke	65	s_adeleke@gmail.com	07056774423	117	11
119	Lawal Tamire	35	I_tamire@gmail.com	09052111101	107	5
120	James Job	44	j_job@gmail.com	08059693919	100	8
121	Matthew Jakande	21	m_jakande@gmail.com	07051232144	120	2
122	Jimila Adegboye	20	j_adegboye@gmail.com	08054921923	107	5
\.


--
-- Data for Name: dataplan; Type: TABLE DATA; Schema: public; Owner: postgres
--

COPY public.dataplan (data_id, data_size, data_duration, data_price) FROM stdin;
1	350MB	2	200
2	1.8GB	14	500
3	3.9GB	30	1000
4	7.5GB	30	1500
5	9.2GB	30	2000
6	10.8GB	30	2500
7	14GB	30	3000
8	18GB	30	4000
9	24GB	30	5000
10	29.9GB	30	8000
11	50GB	30	10000
\.


--
-- Data for Name: department; Type: TABLE DATA; Schema: public; Owner: postgres
--

COPY public.department (dept_managerid, dno, dname, dlocation, pno) FROM stdin;
108	1	administration	ikeja                                             	44
101	2	account	egboda                                            	11
100	3	packaging	ajah                                              	44
120	4	research	v.i                                               	33
97	5	account	magodo                                            	22
122	6	operations	mile 2                                            	44
107	7	packaging	ketu                                              	55
\.


--
-- Data for Name: project; Type: TABLE DATA; Schema: public; Owner: postgres
--

COPY public.project (pno, pname, pduration, project_managerid) FROM stdin;
11	a	9 mons	102
22	b	1 year 2 mons	97
33	c	1 year 4 mons	120
44	d	2 years 1 mon	106
55	e	9 mons	107
\.


--
-- Data for Name: staff; Type: TABLE DATA; Schema: public; Owner: postgres
--

COPY public.staff (staff_id, staff_name, dno, staff_sal, age, mobile) FROM stdin;
100	mustapha ali	3	175000	32	08063285831
107	dankade aminat	7	380000	48	07090082812
108	josiah joshua	1	120000	30	08053189131
97	alokwe martin	5	550000	40	09023688832
102	mankinde mary	2	450000	55	09023487830
120	adeleke jane	4	200000	38	07061045862
122	osahon mark	6	320000	44	08022289842
104	kuti lawal	1	750000	35	09145689842
117	suleman ajayi	3	800000	50	7030089981
\.


--
-- Name: customer customer_pkey; Type: CONSTRAINT; Schema: public; Owner: postgres
--

ALTER TABLE ONLY public.customer
    ADD CONSTRAINT customer_pkey PRIMARY KEY (c_id);


--
-- Name: dataplan dataplan_pkey; Type: CONSTRAINT; Schema: public; Owner: postgres
--

ALTER TABLE ONLY public.dataplan
    ADD CONSTRAINT dataplan_pkey PRIMARY KEY (data_id);


--
-- Name: department department_pkey; Type: CONSTRAINT; Schema: public; Owner: postgres
--

ALTER TABLE ONLY public.department
    ADD CONSTRAINT department_pkey PRIMARY KEY (dept_managerid);


--
-- Name: staff employees_pkey; Type: CONSTRAINT; Schema: public; Owner: postgres
--

ALTER TABLE ONLY public.staff
    ADD CONSTRAINT employees_pkey PRIMARY KEY (staff_id);


--
-- Name: project project_pkey; Type: CONSTRAINT; Schema: public; Owner: postgres
--

ALTER TABLE ONLY public.project
    ADD CONSTRAINT project_pkey PRIMARY KEY (project_managerid);


--
-- PostgreSQL database dump complete
--

\unrestrict 16T9FpRhi0iWQJkAhreF8zWPkH6Ti77cfR2frnciL7EiHen3zs3GhjnifaBBEgx

